id, userId, password, fullname, email
"1","Jonathan.Aufderhar49","modi",Inez Torp,Lowell_Bahringer62@gmail.com
"2","Eldred53","aut",Nichole Lemke,Kenyatta_Luettgen@gmail.com
"3","Marie_Walter","et",Caleb Lemke,Mikel_Hackett@gmail.com
"4","Laurie_Zieme6","qui",Erma Wunsch,Teagan_Weissnat@hotmail.com
"5","Burley.Botsford68","blanditiis",Miss Bonnie Donnelly,Hulda.Cruickshank@gmail.com
"6","Murray35","maxime",Angela Reynolds,Gianni19@yahoo.com
"7","Keshawn.Barton","voluptate",Victoria Turcotte,Xavier59@hotmail.com
"8","Kaelyn19","velit",Lorraine Emmerich,Efren34@yahoo.com
"9","Daphney_Zboncak","qui",Grace Crist,Shawn_Ankunding37@gmail.com
"10","Shannon14","quis",Susie Walter,Rae58@yahoo.com
